{
    "loss_train": [
        0.15712304413318634,
        0.09189692884683609,
        0.07113810628652573,
        0.05910753458738327,
        0.051504604518413544,
        0.0457928404211998,
        0.04090519994497299,
        0.037680353969335556,
        0.03492046892642975,
        0.03262127563357353,
        0.030955124646425247,
        0.029267296195030212,
        0.027768108993768692,
        0.027197521179914474,
        0.02580074593424797,
        0.024670222774147987,
        0.02389046736061573,
        0.02333793230354786,
        0.02251018024981022,
        0.022243592888116837,
        0.021615857258439064,
        0.020787140354514122,
        0.020422304049134254,
        0.020297622308135033,
        0.0197727270424366,
        0.019380362704396248,
        0.018873130902647972,
        0.0186635572463274,
        0.01836254820227623,
        0.01808260567486286,
        0.0174627136439085,
        0.01732635125517845,
        0.016961149871349335,
        0.016598014160990715,
        0.01651904359459877,
        0.016331786289811134,
        0.016137531027197838,
        0.015744656324386597,
        0.015597370453178883,
        0.015515927225351334,
        0.015173829160630703,
        0.015061449259519577,
        0.01473503652960062,
        0.014770769514143467,
        0.014624384231865406,
        0.01419119630008936,
        0.014225620776414871,
        0.01393107045441866,
        0.014116593636572361,
        0.013774770312011242,
        0.013776685111224651,
        0.01346316747367382,
        0.013363359495997429,
        0.013388477265834808,
        0.013242506422102451,
        0.012934559024870396,
        0.013069185428321362,
        0.012618634849786758,
        0.012554734013974667,
        0.012530079111456871,
        0.012748340144753456,
        0.012473665177822113,
        0.012162220664322376,
        0.01212398149073124,
        0.012202082201838493,
        0.011981653049588203,
        0.01195814460515976,
        0.011886153370141983,
        0.011768789030611515,
        0.011551856063306332
    ],
    "loss_val": [
        0.09635420888662338,
        0.06795194745063782,
        0.062061239033937454,
        0.05038924142718315,
        0.045169029384851456,
        0.042400822043418884,
        0.038986194878816605,
        0.035119447857141495,
        0.033219657838344574,
        0.03309843689203262,
        0.03161826729774475,
        0.03062020055949688,
        0.029859358444809914,
        0.029395578429102898,
        0.028204558417201042,
        0.02796957455575466,
        0.027520356699824333,
        0.02614567056298256,
        0.027026204392313957,
        0.027766652405261993,
        0.027828926220536232,
        0.025807645171880722,
        0.02708471566438675,
        0.027018455788493156,
        0.024973860010504723,
        0.02620479092001915,
        0.024898475036025047,
        0.0249369814991951,
        0.02429991401731968,
        0.02514910139143467,
        0.025022108107805252,
        0.024841656908392906,
        0.023770522326231003,
        0.026272593066096306,
        0.023175127804279327,
        0.024317897856235504,
        0.02574116177856922,
        0.0252919252961874,
        0.023453515022993088,
        0.023111136630177498,
        0.023001093417406082,
        0.024035058915615082,
        0.025088515132665634,
        0.02378946542739868,
        0.023096175864338875,
        0.02477116882801056,
        0.023281216621398926,
        0.023255668580532074,
        0.023938031867146492,
        0.024312756955623627,
        0.022485386580228806,
        0.02405628189444542,
        0.023414509370923042,
        0.02353312261402607,
        0.022284559905529022,
        0.02367422543466091,
        0.022356774657964706,
        0.022502457723021507,
        0.02459593117237091,
        0.023492103442549706,
        0.022290410473942757,
        0.02208482101559639,
        0.01995185576379299,
        0.023036090657114983,
        0.023176714777946472,
        0.022775299847126007,
        0.02235281653702259,
        0.02226671203970909,
        0.021304715424776077,
        0.023710167035460472
    ],
    "iou_train": [
        0.09344364702701569,
        0.223801389336586,
        0.3486628532409668,
        0.42911288142204285,
        0.4868418574333191,
        0.5262842774391174,
        0.5553128719329834,
        0.5816060304641724,
        0.5981754064559937,
        0.6148350238800049,
        0.6268646121025085,
        0.6419923305511475,
        0.6528440117835999,
        0.6615518927574158,
        0.6730818152427673,
        0.6795645952224731,
        0.6899564266204834,
        0.6972258687019348,
        0.7058305740356445,
        0.7092126607894897,
        0.7159708738327026,
        0.7239288091659546,
        0.7290307283401489,
        0.7331418395042419,
        0.7368345260620117,
        0.7421425580978394,
        0.7452991604804993,
        0.7494209408760071,
        0.7515700459480286,
        0.7538766264915466,
        0.7597417831420898,
        0.7598922252655029,
        0.764246940612793,
        0.7677853107452393,
        0.7710347175598145,
        0.7748939990997314,
        0.7743650078773499,
        0.7764438390731812,
        0.7822726964950562,
        0.7814644575119019,
        0.7846790552139282,
        0.7885444164276123,
        0.7906301021575928,
        0.7915727496147156,
        0.7957855463027954,
        0.7957897782325745,
        0.7961477041244507,
        0.7997632026672363,
        0.7989546656608582,
        0.8016231656074524,
        0.8033530116081238,
        0.8075329661369324,
        0.807820200920105,
        0.8086557388305664,
        0.8094341158866882,
        0.8108670115470886,
        0.8094279766082764,
        0.815170407295227,
        0.8164686560630798,
        0.8165464401245117,
        0.8156254887580872,
        0.8207850456237793,
        0.8204448819160461,
        0.8214346766471863,
        0.8221238851547241,
        0.8237513899803162,
        0.822830080986023,
        0.8277982473373413,
        0.8260376453399658,
        0.82762610912323
    ],